sentence,relation,head,head_offset,tail,tail_offset
2020年10月19日，云南城投与中交地产股份有限公司、中交融资租赁有限公司、中交上海航道局有限公司共同签署了《深化战略合作协议》。,合作协议,云南城投,12,中交融资租赁有限公司,28
2020年10月19日，云南城投与中交地产股份有限公司、中交融资租赁有限公司、中交上海航道局有限公司共同签署了《深化战略合作协议》。,合作协议,云南城投,12,中交上海航道局有限公司,39
2019年3月16日，云南云投生态环境科技股份有限公司与关联方老挝中寮旅游投资开发有限公司签订施工合同。,合作协议,云南云投生态环境科技股份有限公司,11,老挝中寮旅游投资开发有限公司,31
2019年12月，云投生态与云南天景房地产开发有限公司签订“云投中心A1写字楼租赁合同”。,合作协议,云投生态,9,云南天景房地产开发有限公司,14
2019年，云南城投已与广州金地签署关于古滇二期、关坡二期、雨林澜山、华阳花园四个项目的合作框架协议。,合作协议,云南城投,6,广州金地,12
2018年9月，云南云投生态环境科技股份有限公司与浙江海兴建筑有限公司组成联合体，与台州市椒江鲜花港农林旅游开发有限公司签订了《梦幻鲜花港·台州湾生态农业园区建设项目工程项目建设工程施工合同》。,合作协议,云南云投生态环境科技股份有限公司,8,浙江海兴建筑有限公司,25
2018年9月，云南云投生态环境科技股份有限公司与浙江海兴建筑有限公司组成联合体，与台州市椒江鲜花港农林旅游开发有限公司签订了《梦幻鲜花港·台州湾生态农业园区建设项目工程项目建设工程施工合同》。,合作协议,云南云投生态环境科技股份有限公司,8,台州市椒江鲜花港农林旅游开发有限公司,42
2018年5月17日，贵研铂业全资子公司贵研金属（上海）有限公司与北京黄金交易中心有限公司签署《产品购销合同》。,合作协议,贵研金属（上海）有限公司,20,北京黄金交易中心有限公司,33
云南城投将北京房开90%的股权质押给广州金地，作为诚意金的担保。,股权质押,云南城投,0,广州金地,18
根据云南城投置业股份有限公司与中国银行股份有限公司昆明市盘龙支行签订的质押合同，云南城投所持宁波银泰70%股权已质押给中国银行盘龙支行。,股权质押,云南城投,2,中国银行股份有限公司,15
对于已质押给中国银行盘龙支行的杭州海威股权，云南城投承诺在办理相关标的企业股东变更登记前解除标的股权质押。,股权质押,云南城投,22,中国银行,6
浙江浙联房产集团有限公司与杭州银泰投资管理有限公司签署《股权转让协议》，浙江浙联房产集团有限公司将其持有杭州海威33%的股权转让给杭州银泰投资管理有限公司。,股权受让,杭州海威,52,杭州银泰投资管理有限公司,65
浙江海威控股有限公司与浙江浙联房产集团有限公司签署《股东转让出资协议》，浙江浙联房产集团有限公司将其持有杭州海威 7%的股权转让给浙江海威控股有限公司。,股权受让,杭州海威,52,浙江海威控股有限公司,65
浙江海威控股有限公司与银泰控股股份有限公司签署《股权转让协议》，浙江海威控股有限公司将其持有杭州海威 37%的股权转让给银泰控股股份有限公司。,股权受让,杭州海威,46,银泰控股股份有限公司,60
云投生态拟通过协议转让方式向云南云投建设有限公司转让正城房地产20%股权。,股权受让,正城房地产,26,云南云投建设有限公司,14
"云投生态拟按评估价值3,027.66万元通过协议方式，向云南云投建设有限公司转让所持有的昆明正城房地产开发有限公司20%股权。",股权受让,昆明正城房地产开发有限公司,44,云南云投建设有限公司,28
"云南云投生态环境科技股份有限公司拟按评估价格5,035.24万元，通过协议转让方式向云南省现代农林投资有限公司转让思茅基地苗木、林地使用权及地上附着物。",股权受让,思茅基地,57,云南省现代农林投资有限公司,42
云南锡业集团（控股）有限责任公司将所持的云南省贵金属新材料控股集团有限公司的100%股权以非公开协议方式转让给云南省投资控股集团有限公司。,股权受让,云南省贵金属新材料控股集团有限公司,20,云南省投资控股集团有限公司,55
云南省国资委将持有的云南城投集团 50.59%股权划转注入云投集团。,股权受让,云南城投集团,10,云投集团,28
云南城投置业股份有限公司与云南城市建设投资集团有限公司关于云泰商业管理（天津）有限公司之股权转让协议。,股权受让,云泰商业管理（天津）有限公司,27,云南城市建设投资集团有限公司,13
云南城投置业股份有限公司与云南城市建设投资集团有限公司关于天津银润投资有限公司之股权转让协议。,股权受让,天津银润投资有限公司,27,云南城市建设投资集团有限公司,13
云南城投置业股份有限公司与云南城市建设投资集团有限公司关于台州银泰置业有限公司之股权转让协议。,股权受让,台州银泰置业有限公司,27,云南城市建设投资集团有限公司,13
云南城投置业股份有限公司与云南城市建设投资集团有限公司关于台州银泰商业有限公司之股权转让协议。,股权受让,台州银泰商业有限公司,27,云南城市建设投资集团有限公司,13
云南城投置业股份有限公司与云南城市建设投资集团有限公司关于平阳银泰置业有限公司之股权转让协议。,股权受让,平阳银泰置业有限公司,27,云南城市建设投资集团有限公司,13
云南城投置业股份有限公司与云南城市建设投资集团有限公司关于宁波银泰置业有限公司之股权转让协议。,股权受让,宁波银泰置业有限公司,27,云南城市建设投资集团有限公司,13
云南城投置业股份有限公司与云南城市建设投资集团有限公司关于宁波经济技术开发区泰悦置业有限公司之股权转让协议。,股权受让,宁波经济技术开发区泰悦置业有限公司,27,云南城市建设投资集团有限公司,13
云南城投置业股份有限公司与云南城市建设投资集团有限公司关于宁波奉化银泰置业有限公司之股权转让协议。,股权受让,宁波奉化银泰置业有限公司,27,云南城市建设投资集团有限公司,13
云南城投置业股份有限公司与云南城市建设投资集团有限公司关于名尚银泰城（淄博）商业发展有限公司之股权转让协议。,股权受让,名尚银泰城（淄博）商业发展有限公司,27,云南城市建设投资集团有限公司,13
云南城投置业股份有限公司与云南城市建设投资集团有限公司关于黑龙江银泰置地有限公司之股权转让协议。,股权受让,黑龙江银泰置地有限公司,27,云南城市建设投资集团有限公司,13
云南城投置业股份有限公司与云南城市建设投资集团有限公司关于杭州云泰购物中心有限公司之股权转让协议。,股权受让,杭州云泰购物中心有限公司,27,云南城市建设投资集团有限公司,13
云南城投置业股份有限公司与云南城市建设投资集团有限公司关于杭州银云商业管理有限公司之股权转让协议。,股权受让,杭州银云商业管理有限公司,27,云南城市建设投资集团有限公司,13
云南城投置业股份有限公司与云南城市建设投资集团有限公司关于杭州西溪银盛置地有限公司之股权转让协议。,股权受让,杭州西溪银盛置地有限公司,27,云南城市建设投资集团有限公司,13
云南城投置业股份有限公司与云南城市建设投资集团有限公司关于杭州海威房地产开发有限公司之股权转让协议。,股权受让,杭州海威房地产开发有限公司,27,云南城市建设投资集团有限公司,13
云南城投置业股份有限公司与云南城市建设投资集团有限公司关于哈尔滨银旗房地产开发有限公司之股权转让协议。,股权受让,哈尔滨银旗房地产开发有限公司,27,云南城市建设投资集团有限公司,13
云南城投置业股份有限公司与云南城市建设投资集团有限公司关于成都银城置业有限公司之股权转让协议。,股权受让,成都银城置业有限公司,27,云南城市建设投资集团有限公司,13
云南城投置业股份有限公司与云南城市建设投资集团有限公司关于苍南银泰置业有限公司之股权转让协议。,股权受让,苍南银泰置业有限公司,27,云南城市建设投资集团有限公司,13
云南城投置业股份有限公司与云南城市建设投资集团有限公司关于北京房开创意港投资有限公司之股权转让协议。,股权受让,北京房开创意港投资有限公司,27,云南城市建设投资集团有限公司,13
云南城投置业股份有限公司以发行股份及支付现金方式购买成都环球世纪会展旅游集团有限公司100%的股权。,股权受让,云南城投置业股份有限公司,0,成都环球世纪会展旅游集团有限公司,26
"云南城投将西双版纳云辰置业有限公司51%的股权以人民币131,351,900元转让给版纳融创。",股权受让,西双版纳云辰置业有限公司,5,版纳融创,42
"云南城投将西双版纳沧江文旅开发有限公司100%的股权以人民币384,679,600.00元转让给版纳融创。",股权受让,西双版纳沧江文旅开发有限公司,5,版纳融创,48
上海金元百利资产管理有限公司（由上海金元惠理资产管理有限公司更名而来）将拥有的杭州云泰15%的股权转让给北京银泰、15%的股权转让给理想四维地产集团有限公司。,股权受让,杭州云泰,39,北京银泰,52
上海金元百利资产管理有限公司（由上海金元惠理资产管理有限公司更名而来）将拥有的杭州云泰15%的股权转让给北京银泰、15%的股权转让给理想四维地产集团有限公司。,股权受让,杭州云泰,39,理想四维地产集团有限公司,66
京投银泰股份有限公司与中国银泰投资有限公司签署《股权转转让协议》，京投银泰股份有限公司将其持有杭州海威 37%的股权转让给中国银泰投资有限公司。,股权受让,杭州海威,47,中国银泰投资有限公司,61
杭州银泰投资管理有限公司与中国银泰投资有限公司签署《股权转让协议》，杭州银泰投资管理有限公司将其持有杭州海威33%的股权转让给中国银泰投资有限公司。,股权受让,杭州海威,50,中国银泰投资有限公司,63
杭州乐府投资管理有限公司将拥有的杭州云泰 30%的股权转让给上海金元惠理资产管理有限公司。,股权受让,杭州云泰,16,上海金元惠理资产管理有限公司,30
海威控股有限公司与北京国俊投资有限公司签署《股权转让协议》，海威控股有限公司将其持有杭州海威 30%的股权转让给北京国俊投资有限公司。,股权受让,杭州海威,42,北京国俊投资有限公司,56
"贵研铂业以货币资金162,000,000.00元收购法人中希集团有限公司持有的上海中希合金有限公司60%的股权。",股权受让,上海中希合金有限公司,39,贵研铂业,0
贵研铂业股份有限公司控股股东云南省贵金属新材料控股集团有限公司的控股股东云南锡业集团（控股）有限责任公司以非公开协议方式转让所持贵金属集团100%股权至云南省投资控股集团有限公司。,股权受让,贵金属集团,64,云南省投资控股集团有限公司,76
贵研铂业根据自身业务发展的需要，收购控股子公司永兴资源公司下属全资子公司永兴检测公司51%股权，经中和资产评估有限公司评估后的收购价格为237.69万元。,股权受让,永兴检测公司,36,贵研铂业,0
2020年9月1日，精英国际有限公司与淄博昂展地产有限公司签署《股权转让合同》，将所持有淄博银泰25.748%的股权转让给淄博昂展地产有限公司。,股权受让,淄博银泰,44,淄博昂展地产有限公司,61
"2019年12月，云南城投向广州金地关联公司保利湾区投资发展有限公司以非公开协议方式转让东莞云投置业股份有限公司90%的股权，交易价款为人民币94,128.27万元。",股权受让,东莞云投置业股份有限公司,44,保利湾区投资发展有限公司,22
"2019年10月，云南城投拟以协议转让的方式，向广州金地关联公司云南保利实业有限公司转让昆明欣江合达城市建设有限公司60%股权，标的股权转让价款为49,124.51万元。",股权受让,昆明欣江合达城市建设有限公司,44,保利实业有限公司,34
2019年，云南城投收购成都环球世纪会展旅游集团有限公司100%股权。,股权受让,云南城投,6,成都环球世纪会展旅游集团有限公司,12
"2018年12月14日，云投生态以评估价格3,007.11万元向云投集团转让成都云投生态有限公司100%股权。",股权受让,成都云投生态有限公司,38,云投集团,32
2018年11月9日，云投生态以自有资金向四川易园园林集团有限公司收购其持有的遂宁仁里古镇文化旅游开发有限公司10%股权。,股权受让,遂宁仁里古镇文化旅游开发有限公司,39,云投生态,11
2017年8月股权转让2017年8月2日，中国银泰与云南城投签订《股权转让协议》，中国银泰将台州置业70%股权转让给云南城投。,股权受让,台州置业,46,云南城投,58
2017年8月4日，北京银泰与云南城投签署《股权转让协议》》，将杭州云泰20%的股权转让给云南城投。,股权受让,杭州云泰,32,云南城投,45
2017年8月1日，北京银泰与云南城投签署《股权转让协议》，北京银泰将宁波银泰70%股权转让给云南城投。,股权受让,宁波银泰,35,云南城投,47
2017年8月15日，北京银泰与云南城投签订《股权转让协议》，将其持有的哈尔滨银旗 70%的股权转让给云南城投。,股权受让,哈尔滨银旗,36,云南城投,51
2017年7月15日，精英国际有限公司与云南城投签署《股权转让合同》，将所持有淄博银泰70%股权转让给云南城投。,股权受让,淄博银泰,39,云南城投,51
2017年3月29日，北京银泰与中国银泰签订《股权转让协议》，北京银泰将其持有的台州置业100%股权转让给中国银泰。,股权受让,台州置业,40,中国银泰,53
2016年9月29日，天津银润与宁波市金润资产经营有限公司签署《平阳银泰置业有限公司股权转让协议》，天津银润将其持有平阳银泰100%的股权转让给宁波市金润资产经营有限公司。,股权受让,平阳银泰,32,宁波市金润资产经营有限公司,72
2016年9月26日，天津银润与宁波银泰投资有限公司签署《股权转让协议》，天津银润将其持有的宁波泰悦49%的股权转让给宁波银泰投资有限公司。,股权受让,宁波泰悦,46,宁波银泰投资有限公司,59
2016年9月10日，宁波银泰投资有限公司与天津银润签署《股权转让协议》，宁波银泰投资有限公司将其持有平阳银泰100%的股权转让给天津银润。,股权受让,平阳银泰,51,天津银润,65
2016年7月股权变更2016年7月5日，天弘资管与云南城投签署《股权转让协议》，天弘资管将其持有的北京房开10%的股权转让给云南城投。,股权受让,北京房开,50,云南城投,63
2016年4月云南锡业集团（控股）有限责任公司出资设立云南省贵金属新材料控股集团有限公司，并拟将其持有的贵研铂业股权无偿划转至贵金属集团。,股权受让,贵研铂业,52,贵金属集团,63
2016年12月19日，理想四维地产集团有限公司与北京银泰签署《股权转让协议》，将杭州云泰50%的股权转让给北京银泰。,股权受让,杭州云泰,41,北京银泰,54
2016年11月30日，北京银泰与云南城投签署《股权转让协议》，北京银泰将所持杭州云泰50%的股权转让给云南城投。,股权受让,杭州云泰,39,云南城投,52
2016年11月28日，宁波市金润资产经营有限公司与云南城投签署《平阳银泰置业有限公司股权转让协议》，宁波市金润资产经营有限公司将其持有平阳银泰70%的股权转让给云南城投。,股权受让,平阳银泰,33,云南城投,81
2016年11月23日，宁波银泰投资有限公司与云南城投签署《股权转让协议》，宁波银泰投资有限公司将其持有的宁波泰悦19%的股权转让给云南城投。,股权受让,宁波泰悦,53,云南城投,66
2015年2月股权转让2015年1月 28日，上海财通资管与北京银泰签订《股权转让协议》，上海财通资管将其持有台州置业49%股权转让给北京银泰。,股权受让,台州置业,55,北京银泰,67
2015年12月30日，创意港公司与云南城投签署《股权转让协议》，创意港公司将其持有的北京房开5%的股权转让给云南城投。,股权受让,北京房开,43,云南城投,55
2015年10月10日，宁波银泰投资有限公司与上海财通资产管理有限公司签署《股权转让协议》，上海财通资产管理有限公司将其持有平阳银泰49%的股权转让给宁波银泰投资有限公司。,股权受让,平阳银泰,62,宁波银泰投资有限公司,75
2014年3月06日，宁波银泰投资有限公司与上海财通资产管理有限公司签署《股权转让协议》，宁波银泰投资有限公司将其持有平阳银泰49%的股权转让给上海财通资产管理有限公司。,股权受让,平阳银泰,59,上海财通资产管理有限公司,72
2014年2月20日，黑龙江银泰与黑龙江盛丰、北京银泰分别签订《股权转让协议》，将其持有的哈尔滨银旗18.5%的股权转让给黑龙江盛丰，另将其持有的哈尔滨银旗66.5%的股权转让给北京银泰。,股权受让,哈尔滨银旗,45,黑龙江盛丰,61
2014年2月20日，黑龙江银泰与黑龙江盛丰、北京银泰分别签订《股权转让协议》，将其持有的哈尔滨银旗18.5%的股权转让给黑龙江盛丰，另将其持有的哈尔滨银旗66.5%的股权转让给北京银泰。,股权受让,哈尔滨银旗,45,北京银泰,89
2014年1月股权转让2014年1月8日，北京银泰与上海财通资管签署《股权转让协议》，北京银泰将台州置业49%股权转让给上海财通资管。,股权受让,台州置业,48,上海财通资管,60
2014年1月23日，创意港公司与天地方中公司（即北京天地方中资产管理有限公司）签署《股权转让协议》，创意港公司将其持有的北京房开60%的股权转让给天地方中公司。,股权受让,北京房开,61,天地方中公司,17
2014年12月31日，上海道诚二期与北京银泰签署《股权转让协议》，上海道诚二期将宁波银泰49%股权转让给北京银泰。,股权受让,宁波银泰,41,北京银泰,53
2013年8月8日，天津国俊与黑龙江银泰签订《股权转让协议》，将其持有的哈尔滨银旗85%的股权全部转让给黑龙江银泰。,股权受让,哈尔滨银旗,36,黑龙江银泰,52
2013年7月10日，北京银泰与天津国俊签订《股权转让协议》，将哈尔滨银旗66.5%的股权转让给天津国俊。,股权受让,哈尔滨银旗,32,天津国俊,48
2013年3月20日，黑龙江盛丰与天津国俊（即天津国俊企业管理有限公司（已注销），原名天津国俊投资有限公司）签订《股权转让协议》，将其持有哈尔滨银旗股权全部转让给天津国俊。,股权受让,哈尔滨银旗,69,天津国俊,81
2013年12月25日，北京银泰与上海道诚二期股权投资中心（有限合伙）（以下简称“上海道诚二期”）签署《股权转让协议》，北京银泰将宁波银泰49%股权转让给上海道诚二期。,股权受让,宁波银泰,65,上海道诚二期,77
2011年5月股权变更 2011年5月17日，宁波银泰投资有限公司与天津银润签署《股权转让合同》，宁波银泰投资有限公司将其持有的宁波泰悦51%的股权转让给天津银润。,股权受让,宁波泰悦,64,天津银润,77
2010年8月3日，天人房地产公司与宁波银泰投资有限公司签署《股权转让合同》，天人房地产公司将其持有的宁波泰悦100%的股权转让给宁波银泰投资有限公司。,股权受让,宁波泰悦,51,宁波银泰投资有限公司,65
2010年6月21日，朱蓓蓓将持有西安云城置业有限公司的全部股权转让给郑国成。,股权受让,西安云城置业有限公司,17,郑国成,35
2009年6月24日，西安华兴电炉有限责任公司将持有西安云城置业有限公司的全部股权转让给朱蓓蓓。,股权受让,西安云城置业有限公司,26,朱蓓蓓,44
浙江浙联房产集团有限公司与杭州银泰投资管理有限公司签署《股权转让协议》，浙江浙联房产集团有限公司将其持有杭州海威33%的股权转让给杭州银泰投资管理有限公司。,股权出让,浙江浙联房产集团有限公司,36,杭州海威,52
浙江海威控股有限公司与浙江浙联房产集团有限公司签署《股东转让出资协议》，浙江浙联房产集团有限公司将其持有杭州海威 7%的股权转让给浙江海威控股有限公司。,股权出让,浙江浙联房产集团有限公司,36,杭州海威,52
浙江海威控股有限公司与银泰控股股份有限公司签署《股权转让协议》，浙江海威控股有限公司将其持有杭州海威 37%的股权转让给银泰控股股份有限公司。,股权出让,浙江海威控股有限公司,32,杭州海威,46
云投生态拟通过协议转让方式向云南云投建设有限公司转让正城房地产20%股权。,股权出让,云投生态,0,正城房地产,26
"云投生态拟按评估价值3,027.66万元通过协议方式，向云南云投建设有限公司转让所持有的昆明正城房地产开发有限公司20%股权。",股权出让,云投生态,0,昆明正城房地产开发有限公司,44
云南云投生态环境科技股份有限公司于2021年3月18日同意以公开挂牌方式，转让昆明美佳房地产开发有限公司100%股权，挂牌价格为1元。,股权出让,云南云投生态环境科技股份有限公司,0,昆明美佳房地产开发有限公司,39
"云南云投生态环境科技股份有限公司拟按评估价格5,035.24万元，通过协议转让方式向云南省现代农林投资有限公司转让思茅基地苗木、林地使用权及地上附着物。",股权出让,云南云投生态环境科技股份有限公司,0,思茅基地,57
云南锡业集团（控股）有限责任公司将所持的云南省贵金属新材料控股集团有限公司的100%股权以非公开协议方式转让给云南省投资控股集团有限公司。,股权出让,云南锡业集团（控股）有限责任公司,0,云南省贵金属新材料控股集团有限公司,20
云南省国资委将持有的云南城投集团 50.59%股权划转注入云投集团。,股权出让,云南省国资委,0,云南城投集团,10
云南城投置业股份有限公司与云南城市建设投资集团有限公司关于云泰商业管理（天津）有限公司之股权转让协议。,股权出让,云南城投置业股份有限公司,0,云泰商业管理（天津）有限公司,27
云南城投置业股份有限公司与云南城市建设投资集团有限公司关于天津银润投资有限公司之股权转让协议。,股权出让,云南城投置业股份有限公司,0,天津银润投资有限公司,27
云南城投置业股份有限公司与云南城市建设投资集团有限公司关于台州银泰置业有限公司之股权转让协议。,股权出让,云南城投置业股份有限公司,0,台州银泰置业有限公司,27
云南城投置业股份有限公司与云南城市建设投资集团有限公司关于台州银泰商业有限公司之股权转让协议。,股权出让,云南城投置业股份有限公司,0,台州银泰商业有限公司,27
云南城投置业股份有限公司与云南城市建设投资集团有限公司关于平阳银泰置业有限公司之股权转让协议。,股权出让,云南城投置业股份有限公司,0,平阳银泰置业有限公司,27
云南城投置业股份有限公司与云南城市建设投资集团有限公司关于宁波银泰置业有限公司之股权转让协议。,股权出让,云南城投置业股份有限公司,0,宁波银泰置业有限公司,27
云南城投置业股份有限公司与云南城市建设投资集团有限公司关于宁波经济技术开发区泰悦置业有限公司之股权转让协议。,股权出让,云南城投置业股份有限公司,0,宁波经济技术开发区泰悦置业有限公司,27
云南城投置业股份有限公司与云南城市建设投资集团有限公司关于宁波奉化银泰置业有限公司之股权转让协议。,股权出让,云南城投置业股份有限公司,0,宁波奉化银泰置业有限公司,27
云南城投置业股份有限公司与云南城市建设投资集团有限公司关于名尚银泰城（淄博）商业发展有限公司之股权转让协议。,股权出让,云南城投置业股份有限公司,0,名尚银泰城（淄博）商业发展有限公司,27
云南城投置业股份有限公司与云南城市建设投资集团有限公司关于黑龙江银泰置地有限公司之股权转让协议。,股权出让,云南城投置业股份有限公司,0,黑龙江银泰置地有限公司,27
云南城投置业股份有限公司与云南城市建设投资集团有限公司关于杭州云泰购物中心有限公司之股权转让协议。,股权出让,云南城投置业股份有限公司,0,杭州云泰购物中心有限公司,27
云南城投置业股份有限公司与云南城市建设投资集团有限公司关于杭州银云商业管理有限公司之股权转让协议。,股权出让,云南城投置业股份有限公司,0,杭州银云商业管理有限公司,27
云南城投置业股份有限公司与云南城市建设投资集团有限公司关于杭州西溪银盛置地有限公司之股权转让协议。,股权出让,云南城投置业股份有限公司,0,杭州西溪银盛置地有限公司,27
云南城投置业股份有限公司与云南城市建设投资集团有限公司关于杭州海威房地产开发有限公司之股权转让协议。,股权出让,云南城投置业股份有限公司,0,杭州海威房地产开发有限公司,27
云南城投置业股份有限公司与云南城市建设投资集团有限公司关于哈尔滨银旗房地产开发有限公司之股权转让协议。,股权出让,云南城投置业股份有限公司,0,哈尔滨银旗房地产开发有限公司,27
云南城投置业股份有限公司与云南城市建设投资集团有限公司关于成都银城置业有限公司之股权转让协议。,股权出让,云南城投置业股份有限公司,0,成都银城置业有限公司,27
云南城投置业股份有限公司与云南城市建设投资集团有限公司关于苍南银泰置业有限公司之股权转让协议。,股权出让,云南城投置业股份有限公司,0,苍南银泰置业有限公司,27
云南城投置业股份有限公司与云南城市建设投资集团有限公司关于北京房开创意港投资有限公司之股权转让协议。,股权出让,云南城投置业股份有限公司,0,北京房开创意港投资有限公司,27
云南城投置业股份有限公司拟转让其持有的台州银泰置业有限公司70%股权资产评估报告。,股权出让,云南城投,0,台州银泰置业有限公司,19
云南城投置业股份有限公司拟转让其持有的平阳银泰置业有限公司70%股权资产评估报告。,股权出让,云南城投,0,平阳银泰置业有限公司,19
云南城投置业股份有限公司拟转让其持有的宁波银泰置业有限公司70%股权资产评估报告。,股权出让,云南城投,0,宁波银泰置业有限公司,19
云南城投置业股份有限公司拟转让其持有的名尚银泰城（淄博）商业发展有限公司 70%股权资产评估报告。,股权出让,云南城投,0,名尚银泰城（淄博）商业发展有限公司,19
云南城投置业股份有限公司拟转让其持有的黑龙江银泰置地有限公司70%股权资产评估报告。,股权出让,云南城投,0,黑龙江银泰置地有限公司,19
云南城投置业股份有限公司拟转让其持有的杭州云泰购物中心有限公司70%股权资产评估报告。,股权出让,云南城投,0,杭州云泰购物中心有限公司,19
云南城投置业股份有限公司拟转让其持有的杭州海威房地产开发有限公司70%股权资产评估报告。,股权出让,云南城投,0,杭州海威房地产开发有限公司,19
云南城投置业股份有限公司拟转让其持有的哈尔滨银旗房地产开发有限公司70%股权资产评估报告。,股权出让,云南城投,0,哈尔滨银旗房地产开发有限公司,19
云南城投置业股份有限公司拟转让其持有的苍南银泰置业有限公司70%股权资产评估报告。,股权出让,云南城投,0,苍南银泰置业有限公司,19
云南城投置业股份有限公司拟转让其持有的北京房开创意港投资有限公司90%股权资产评估报告。,股权出让,云南城投,0,北京房开创意港投资有限公司,19
云南城投置业股份有限公司拟公开挂牌转让下属全资子公司昆明市官渡区城中村改造置业有限公司100%的股权。,股权出让,云南城投置业股份有限公司,0,昆明市官渡区城中村改造置业有限公司,26
云南城投置业股份有限公司、天津银润投资有限公司拟转让其分别持有的宁波经济技术开发区泰悦置业有限公司19%和51%股权资产评估报告。,股权出让,云南城投,0,宁波经济技术开发区泰悦置业有限公司,32
云南城投置业股份有限公司、天津银润投资有限公司拟转让其分别持有的宁波经济技术开发区泰悦置业有限公司19%和51%股权资产评估报告。,股权出让,天津银润投资有限公司,13,宁波经济技术开发区泰悦置业有限公司,32
"云南城投将西双版纳云辰置业有限公司51%的股权以人民币131,351,900元转让给版纳融创。",股权出让,云南城投,0,西双版纳云辰置业有限公司,5
"云南城投将西双版纳沧江文旅开发有限公司100%的股权以人民币384,679,600.00元转让给版纳融创。",股权出让,云南城投,0,西双版纳沧江文旅开发有限公司,5
上海金元百利资产管理有限公司（由上海金元惠理资产管理有限公司更名而来）将拥有的杭州云泰15%的股权转让给北京银泰、15%的股权转让给理想四维地产集团有限公司。,股权出让,上海金元惠理资产管理有限公司,16,杭州云泰,39
京投银泰股份有限公司与中国银泰投资有限公司签署《股权转转让协议》，京投银泰股份有限公司将其持有杭州海威 37%的股权转让给中国银泰投资有限公司。,股权出让,京投银泰股份有限公司,33,杭州海威,47
杭州银泰投资管理有限公司与中国银泰投资有限公司签署《股权转让协议》，杭州银泰投资管理有限公司将其持有杭州海威33%的股权转让给中国银泰投资有限公司。,股权出让,杭州银泰投资管理有限公司,34,杭州海威,50
杭州乐府投资管理有限公司将拥有的杭州云泰 30%的股权转让给上海金元惠理资产管理有限公司。,股权出让,杭州乐府投资管理有限公司,0,杭州云泰,16
海威控股有限公司与北京国俊投资有限公司签署《股权转让协议》，海威控股有限公司将其持有杭州海威 30%的股权转让给北京国俊投资有限公司。,股权出让,海威控股有限公司,30,杭州海威,42
"贵研铂业以货币资金162,000,000.00元收购法人中希集团有限公司持有的上海中希合金有限公司60%的股权。",股权出让,中希集团,28,上海中希合金有限公司,39
贵研铂业控股子公司贵研催化公司结合自身业务发展的实际需要，对外转让其所持重庆贵研公司20%股权，经重庆立信资产评估土地房地产估价有限公司评估后的转让价格为15.78万元。,股权出让,贵研催化公司,9,重庆贵研公司,36
贵研铂业股份有限公司控股股东云南省贵金属新材料控股集团有限公司的控股股东云南锡业集团（控股）有限责任公司以非公开协议方式转让所持贵金属集团100%股权至云南省投资控股集团有限公司。,股权出让,云南锡业集团（控股）有限责任公司,36,贵金属集团,64
贵研铂业根据自身业务发展的需要，收购控股子公司永兴资源公司下属全资子公司永兴检测公司51%股权，经中和资产评估有限公司评估后的收购价格为237.69万元。,股权出让,永兴资源公司,23,永兴检测公司,36
本次资产重组为云南城投置业股份有限公司拟通过在云南产权交易所公开挂牌转让的方式，出售公司所持有的苍南银泰置业有限公司等11家子公司的股权。,股权出让,云南城投置业股份有限公司,7,苍南银泰置业有限公司,48
北京中同华资产评估有限公司接受西安云城置业有限公司的委托，对云南安盛创享旅游产业投资合伙企业（有限合伙）拟转让所持有西安云城置业有限公司51%股权所涉及的西安云城置业有限公司股东全部权益进行评估。,股权出让,云南安盛创享旅游产业投资合伙企业,30,西安云城置业有限公司,77
2020年9月1日，精英国际有限公司与淄博昂展地产有限公司签署《股权转让合同》，将所持有淄博银泰25.748%的股权转让给淄博昂展地产有限公司。,股权出让,精英国际有限公司,10,淄博银泰,44
2020年2月24日，云南城投下属企业云南安盛创享旅游产业投资合伙企业公开挂牌转让所持有的西安云城置业有限公司51%股权。,股权出让,云南安盛创享旅游产业投资合伙企业,19,西安云城置业有限公司,45
2020年2月24日，云南城投下属控股子公司西双版纳航空投资有限公司公开挂牌转让所持有的西双版纳航投置业有限公司80%的股权。,股权出让,西双版纳航空投资有限公司,22,西双版纳航投置业有限公司,44
2019年3月29日，云南城投在云南产权交易所公开挂牌转让天堂岛置业90%股权。,股权出让,云南城投,11,天堂岛置业,29
"2019年12月，云南城投向广州金地关联公司保利湾区投资发展有限公司以非公开协议方式转让东莞云投置业股份有限公司90%的股权，交易价款为人民币94,128.27万元。",股权出让,云南城投,9,东莞云投置业股份有限公司,44
"2019年10月，云南城投拟以协议转让的方式，向广州金地关联公司云南保利实业有限公司转让昆明欣江合达城市建设有限公司60%股权，标的股权转让价款为49,124.51万元。",股权出让,云南城投,9,昆明欣江合达城市建设有限公司,44
"2018年12月14日，云投生态以评估价格3,007.11万元向云投集团转让成都云投生态有限公司100%股权。",股权出让,云投生态,12,成都云投生态有限公司,38
2018年11月9日，云投生态以自有资金向四川易园园林集团有限公司收购其持有的遂宁仁里古镇文化旅游开发有限公司10%股权。,股权出让,四川易园园林集团有限公司,21,遂宁仁里古镇文化旅游开发有限公司,39
2017年8月股权转让2017年8月2日，中国银泰与云南城投签订《股权转让协议》，中国银泰将台州置业70%股权转让给云南城投。,股权出让,中国银泰,41,台州置业,46
2017年8月4日，北京银泰与云南城投签署《股权转让协议》》，将杭州云泰20%的股权转让给云南城投。,股权出让,北京银泰,10,杭州云泰,32
2017年8月1日，北京银泰与云南城投签署《股权转让协议》，北京银泰将宁波银泰70%股权转让给云南城投。,股权出让,北京银泰,30,宁波银泰,35
2017年8月15日，北京银泰与云南城投签订《股权转让协议》，将其持有的哈尔滨银旗 70%的股权转让给云南城投。,股权出让,北京银泰,11,哈尔滨银旗,36
2017年7月15日，精英国际有限公司与云南城投签署《股权转让合同》，将所持有淄博银泰70%股权转让给云南城投。,股权出让,精英国际有限公司,11,淄博银泰,39
2017年3月29日，北京银泰与中国银泰签订《股权转让协议》，北京银泰将其持有的台州置业100%股权转让给中国银泰。,股权出让,北京银泰,31,台州置业,40
2016年9月29日，天津银润与宁波市金润资产经营有限公司签署《平阳银泰置业有限公司股权转让协议》，天津银润将其持有平阳银泰100%的股权转让给宁波市金润资产经营有限公司。,股权出让,天津银润,50,平阳银泰,32
2016年9月26日，天津银润与宁波银泰投资有限公司签署《股权转让协议》，天津银润将其持有的宁波泰悦49%的股权转让给宁波银泰投资有限公司。,股权出让,天津银润,37,宁波泰悦,46
2016年9月10日，宁波银泰投资有限公司与天津银润签署《股权转让协议》，宁波银泰投资有限公司将其持有平阳银泰100%的股权转让给天津银润。,股权出让,宁波银泰投资有限公司,37,平阳银泰,51
2016年7月股权变更2016年7月5日，天弘资管与云南城投签署《股权转让协议》，天弘资管将其持有的北京房开10%的股权转让给云南城投。,股权出让,天弘资管,41,北京房开,50
2016年4月云南锡业集团（控股）有限责任公司出资设立云南省贵金属新材料控股集团有限公司，并拟将其持有的贵研铂业股权无偿划转至贵金属集团。,股权出让,云南锡业集团（控股）有限责任公司,7,贵研铂业,52
2016年12月19日，理想四维地产集团有限公司与北京银泰签署《股权转让协议》，将杭州云泰50%的股权转让给北京银泰。,股权出让,理想四维地产集团有限公司,12,杭州云泰,41
2016年11月30日，北京银泰与云南城投签署《股权转让协议》，北京银泰将所持杭州云泰50%的股权转让给云南城投。,股权出让,北京银泰,32,杭州云泰,39
2016年11月28日，宁波市金润资产经营有限公司与云南城投签署《平阳银泰置业有限公司股权转让协议》，宁波市金润资产经营有限公司将其持有平阳银泰70%的股权转让给云南城投。,股权出让,宁波市金润资产经营有限公司,51,平阳银泰,33
2016年11月23日，宁波银泰投资有限公司与云南城投签署《股权转让协议》，宁波银泰投资有限公司将其持有的宁波泰悦19%的股权转让给云南城投。,股权出让,宁波银泰投资有限公司,38,宁波泰悦,53
2015年2月股权转让2015年1月 28日，上海财通资管与北京银泰签订《股权转让协议》，上海财通资管将其持有台州置业49%股权转让给北京银泰。,股权出让,上海财通资管,45,台州置业,55
2015年12月30日，创意港公司与云南城投签署《股权转让协议》，创意港公司将其持有的北京房开5%的股权转让给云南城投。,股权出让,创意港公司,33,北京房开,43
2015年10月10日，宁波银泰投资有限公司与上海财通资产管理有限公司签署《股权转让协议》，上海财通资产管理有限公司将其持有平阳银泰49%的股权转让给宁波银泰投资有限公司。,股权出让,上海财通资产管理有限公司,46,平阳银泰,62
2014年3月06日，宁波银泰投资有限公司与上海财通资产管理有限公司签署《股权转让协议》，宁波银泰投资有限公司将其持有平阳银泰49%的股权转让给上海财通资产管理有限公司。,股权出让,宁波银泰投资有限公司,45,平阳银泰,59
2014年2月20日，黑龙江银泰与黑龙江盛丰、北京银泰分别签订《股权转让协议》，将其持有的哈尔滨银旗18.5%的股权转让给黑龙江盛丰，另将其持有的哈尔滨银旗66.5%的股权转让给北京银泰。,股权出让,黑龙江银泰,11,哈尔滨银旗,45
2014年1月股权转让2014年1月8日，北京银泰与上海财通资管签署《股权转让协议》，北京银泰将台州置业49%股权转让给上海财通资管。,股权出让,北京银泰,21,台州置业,48
2014年1月23日，创意港公司与天地方中公司（即北京天地方中资产管理有限公司）签署《股权转让协议》，创意港公司将其持有的北京房开60%的股权转让给天地方中公司。,股权出让,创意港公司,11,北京房开,61
2014年12月31日，上海道诚二期与北京银泰签署《股权转让协议》，上海道诚二期将宁波银泰49%股权转让给北京银泰。,股权出让,上海道诚二期,34,宁波银泰,41
2013年8月8日，天津国俊与黑龙江银泰签订《股权转让协议》，将其持有的哈尔滨银旗85%的股权全部转让给黑龙江银泰。,股权出让,天津国俊,10,哈尔滨银旗,36
2013年7月10日，北京银泰与天津国俊签订《股权转让协议》，将哈尔滨银旗66.5%的股权转让给天津国俊。,股权出让,北京银泰,11,哈尔滨银旗,32
2013年3月20日，黑龙江盛丰与天津国俊（即天津国俊企业管理有限公司（已注销），原名天津国俊投资有限公司）签订《股权转让协议》，将其持有哈尔滨银旗股权全部转让给天津国俊。,股权出让,黑龙江盛丰,11,哈尔滨银旗,69
2013年12月25日，北京银泰与上海道诚二期股权投资中心（有限合伙）（以下简称“上海道诚二期”）签署《股权转让协议》，北京银泰将宁波银泰49%股权转让给上海道诚二期。,股权出让,北京银泰,60,宁波银泰,65
2011年5月股权变更 2011年5月17日，宁波银泰投资有限公司与天津银润签署《股权转让合同》，宁波银泰投资有限公司将其持有的宁波泰悦51%的股权转让给天津银润。,股权出让,宁波银泰投资有限公司,49,宁波泰悦,64
2010年8月3日，天人房地产公司与宁波银泰投资有限公司签署《股权转让合同》，天人房地产公司将其持有的宁波泰悦100%的股权转让给宁波银泰投资有限公司。,股权出让,天人房地产公司,39,宁波泰悦,51
2010年6月21日，朱蓓蓓将持有西安云城置业有限公司的全部股权转让给郑国成。,股权出让,朱蓓蓓,11,西安云城置业有限公司,17
2009年6月24日，西安华兴电炉有限责任公司将持有西安云城置业有限公司的全部股权转让给朱蓓蓓。,股权出让,西安华兴电炉有限责任公司,11,西安云城置业有限公司,26
庄滇湘现任云南省贵金属新材料控股集团有限公司党委委员，副总经理，贵研铂业监事、监事会主席。,董监高,贵研铂业,32,庄滇湘,0
陈力现任贵研铂业监事、党政办公室主任、昆明贵金属研究所副所长，云南铜业科技发展股份有限公司董事，贵研科技有限公司副总经理。,董监高,贵研铂业,4,陈力,0
2017年11月13日期至今，张静女士担任云南云投生态环境科技股份有限公司监事。,董监高,云南云投生态环境科技股份有限公司,21,张静,15
左川现任贵研铂业副总经理、环境材料事业部部长、党支部书记。,董监高,贵研铂业,4,左川,0
庄滇湘现任云南省贵金属新材料控股集团有限公司党委委员，副总经理，贵研铂业监事、监事会主席。,董监高,云南省贵金属新材料控股集团有限公司,5,庄滇湘,0
杨涛现任贵研铂业副总经理、贵研金属（上海）有限公司总经理、贵研国贸有限公司总经理、党支部书记。,董监高,贵研金属（上海）有限公司,13,杨涛,0
杨涛现任贵研铂业副总经理、贵研金属（上海）有限公司总经理、贵研国贸有限公司总经理、党支部书记。,董监高,贵研国贸有限公司,29,杨涛,0
杨涛现任贵研铂业副总经理、贵研金属（上海）有限公司总经理、贵研国贸有限公司总经理、党支部书记。,董监高,贵研铂业,4,杨涛,0
熊庆丰现任贵研铂业副总经理，贵研资源（易门）有限公司执行董事、总经理、党支部书记，永兴贵研资源有限公司董事、董事长，贵研迪斯曼再生资源有限公司董事长。,董监高,贵研资源（易门）有限公司,14,熊庆丰,0
熊庆丰现任贵研铂业副总经理，贵研资源（易门）有限公司执行董事、总经理、党支部书记，永兴贵研资源有限公司董事、董事长，贵研迪斯曼再生资源有限公司董事长。,董监高,贵研铂业,5,熊庆丰,0
王梓帆现任贵研铂业独立董事，中银国际证券有限责任公司昆明东风西路营业部运营总监。,董监高,中银国际证券有限责任公司,14,王梓帆,0
纳鹏杰现任贵研铂业独立董事、云南企业发展研究中心主任、云南白药控股有限公司董事、云南省工业投资控股集团有限责任公司外部董事。,董监高,云南企业发展研究中心,14,纳鹏杰,0
刘海兰现任贵研铂业独立董事，云南锦苑花卉产业股份有限公司副总经理、董事会秘书，昆明国际花卉拍卖交易中心有限公司董事、董事会秘书。,董监高,云南锦苑花卉产业股份有限公司,14,刘海兰,0
郭俊梅现任贵研铂业董事、董事长，云南省贵金属新材料控股集团有限公司党委副书记、副董事长、总经理。,董监高,云南省贵金属新材料控股集团有限公司,16,郭俊梅,0
刚剑现任贵研铂业副总经理、董事会秘书、投资发展部部长，昆明贵研催化剂有限责任公司董事，永兴贵研资源有限公司董事，贵研工业催化剂有限公司董事，贵研中希（上海）新材料科技有限公司董事。,董监高,贵研铂业,4,刚剑,0
陈力现任贵研铂业监事、党政办公室主任、昆明贵金属研究所副所长，云南铜业科技发展股份有限公司董事，贵研科技有限公司副总经理。,董监高,昆明贵金属研究所,19,陈力,0
陈力现任贵研铂业监事、党政办公室主任、昆明贵金属研究所副所长，云南铜业科技发展股份有限公司董事，贵研科技有限公司副总经理。,董监高,贵研科技有限公司,48,陈力,0
陈登权现任贵研铂业副总经理，贵研检测科技（云南）有限公司执行董事。,董监高,贵研铂业,5,陈登权,0
2018年7月起，申毅任云南云投生态环境科技股份有限公司总经理。,董监高,云南云投生态环境科技股份有限公司,12,申毅,9
2018年4月至11月，张清任云南省投资控股集团有限公司融经管理部总经理。,董监高,云南省投资控股集团有限公司,15,张清,12
云南城投聘请云南上义律师事务所作为本次交易的法律顾问。,董监高,云南城投,0,云南上义律师事务所,6
上义律所指云南上义律师事务所，为云南城投本次交易的法律顾问。,董监高,云南城投,16,上义律所,0
根据云南城投与云南上义律师事务所签订的《非诉法律事务委托合同》，本所担任公司本次重大资产出售的特聘专项法律顾问。 ,董监高,云南城投,2,云南上义律师事务所,7
重庆贵研汽车净化器有限责任公司系贵研铂业控股子公司昆明贵研催化剂有限责任公司的参股公司，法定代表人为王庆华，注册地为重庆市九龙坡区石新路218号2栋1单元5-4号。,董监高,重庆贵研汽车净化器有限责任公司,0,王庆华,50
中希集团有限公司系贵研铂业控股子公司贵研中希（上海）新材料科技有限公司的另一方法人股东，法定代表人为郑元龙，注册地为浙江省乐清经济开发区纬六路181号。,董监高,中希集团,0,郑元龙,50
云锡贸易（上海）有限公司系云南锡业集团（控股）有限责任公司的下属公司，法定代表人为刘路坷，注册地为上海漕河泾开发区松江高科技园莘砖公路258号32幢1501室。,董监高,云锡贸易（上海）有限公司,0,刘路坷,41
云南锡业集团（控股）有限责任公司系云南省贵金属新材料控股集团有限公司的控股股东，法定代表人为张涛，注册地址为云南省红河州个旧市金湖东路121号。,董监高,云南锡业集团（控股）有限责任公司,0,张涛,46
云南省贵金属新材料控股集团有限公司系贵研铂业控股股东，法定代表人为朱绍武，注册地为云南省昆明市高新技术产业开发区科技路988号。,董监高,云南省贵金属新材料控股集团有限公司,0,朱绍武,33
西安云城置业有限公司法定代表人为张伦，统一社会信用代码为91610131678631092K。,董监高,西安云城置业有限公司,0,张伦,16
昆明贵研新材料科技有限公司系云南省贵金属新材料控股集团有限公司的全资子公司，法定代表人为陈家林，注册地址为云南省昆明市高新技术产业开发区科技路988号。,董监高,昆明贵研新材料科技有限公司,0,陈家林,44
昆明贵金属研究所系云南省贵金属新材料控股集团有限公司的全资子公司，法定代表人为陈家林，注册地址为云南省昆明市人民西路121号。,董监高,昆明贵金属研究所,0,陈家林,39
贵研催化剂（东营）有限公司法定代表人为冯丰，主营业务为专用化学产品制造。,董监高,贵研催化剂（东营）有限公司,0,冯丰,19
"贵研铂业股份有限公司外文名称为SINO-PLATINUM METALS CO.,LTD；法定代表人为郭俊梅。",董监高,贵研铂业股份有限公司,0,郭俊梅,50
郴州云湘矿冶有限责任公司系云南锡业集团（控股）有限责任公司的下属公司，法定代表人为沙斌，注册地为郴州市苏仙区桥口镇下渡村。,董监高,郴州云湘矿冶有限责任公司,0,沙斌,41
张建新现任中商外贸有限公司董事长兼总裁、澳大利亚 ACIP房地产开发有限公司董事长、君致资本管理有限公司执行董事、云南城投置业股份有限公司独立董事。,董监高,中商外贸有限公司,5,张建新,0
张建新现任中商外贸有限公司董事长兼总裁、澳大利亚 ACIP房地产开发有限公司董事长、君致资本管理有限公司执行董事、云南城投置业股份有限公司独立董事。,董监高,澳大利亚 ACIP房地产开发有限公司,20,张建新,0
熊庆丰现任贵研铂业副总经理，贵研资源（易门）有限公司执行董事、总经理、党支部书记，永兴贵研资源有限公司董事、董事长，贵研迪斯曼再生资源有限公司董事长。,董监高,永兴贵研资源有限公司,41,熊庆丰,0
熊庆丰现任贵研铂业副总经理，贵研资源（易门）有限公司执行董事、总经理、党支部书记，永兴贵研资源有限公司董事、董事长，贵研迪斯曼再生资源有限公司董事长。,董监高,贵研迪斯曼再生资源有限公司,58,熊庆丰,0
郭俊梅现任贵研铂业董事、董事长，云南省贵金属新材料控股集团有限公司党委副书记、副董事长、总经理。,董监高,贵研铂业,5,郭俊梅,0
2021年4月6日，云投生态选举张新晖先生为云南云投生态环境科技股份有限公司的副董事长。,董监高,云南云投生态环境科技股份有限公司,22,张新晖,16
2020年5月26日，云投生态选举王东先生为云投生态董事长。,董监高,云投生态,11,王东,17
2020年4月30日，经云南省委、省政府研究决定，免去省城投集团卫飚同志党委书记、董事长职务，任命杨敏同志担任省城投集团党委书记、董事长。,董监高,省城投集团,55,杨敏,49
2018年7月起，张清任云南云投生态环境科技股份有限公司董事长。,董监高,云南云投生态环境科技股份有限公司,12,张清,9
张建新现任中商外贸有限公司董事长兼总裁、澳大利亚 ACIP房地产开发有限公司董事长、君致资本管理有限公司执行董事、云南城投置业股份有限公司独立董事。,董监高,云南城投置业股份有限公司,57,张建新,0
张建新现任中商外贸有限公司董事长兼总裁、澳大利亚 ACIP房地产开发有限公司董事长、君致资本管理有限公司执行董事、云南城投置业股份有限公司独立董事。,董监高,君致资本管理有限公司,42,张建新,0
云南城投审计委员会召集人由具有会计专业背景的独立董事陈旭东先生担任。,董监高,云南城投,0,陈旭东,26
云南城投副总经理童一松先生担任大理满江康旅投资有限公司董事，大理满江康旅投资有限公司为云南城投关联法人。,董监高,大理满江康旅投资有限公司,15,童一松,8
胥翠芬现任贵研铂业董事、副总经理、财务总监，云南省贵金属新材料控股集团有限公司董事，贵研金属（上海）有限公司执行董事，贵研国贸有限公司执行董事。,董监高,云南省贵金属新材料控股集团有限公司,22,胥翠芬,0
胥翠芬现任贵研铂业董事、副总经理、财务总监，云南省贵金属新材料控股集团有限公司董事，贵研金属（上海）有限公司执行董事，贵研国贸有限公司执行董事。,董监高,贵研金属（上海）有限公司,42,胥翠芬,0
胥翠芬现任贵研铂业董事、副总经理、财务总监，云南省贵金属新材料控股集团有限公司董事，贵研金属（上海）有限公司执行董事，贵研国贸有限公司执行董事。,董监高,贵研国贸有限公司,59,胥翠芬,0
胥翠芬现任贵研铂业董事、副总经理、财务总监，云南省贵金属新材料控股集团有限公司董事，贵研金属（上海）有限公司执行董事，贵研国贸有限公司执行董事。,董监高,贵研铂业,5,胥翠芬,0
熊庆丰现任贵研铂业副总经理，贵研资源（易门）有限公司执行董事、总经理、党支部书记，永兴贵研资源有限公司董事、董事长，贵研迪斯曼再生资源有限公司董事长。,董监高,永兴贵研资源有限公司,41,熊庆丰,0
熊庆丰现任贵研铂业副总经理，贵研资源（易门）有限公司执行董事、总经理、党支部书记，永兴贵研资源有限公司董事、董事长，贵研迪斯曼再生资源有限公司董事长。,董监高,贵研资源（易门）有限公司,14,熊庆丰,0
王梓帆现任贵研铂业独立董事，中银国际证券有限责任公司昆明东风西路营业部运营总监。,董监高,贵研铂业,5,王梓帆,0
潘再富现任贵研铂业董事、总经理，云南省贵金属新材料控股集团有限公司党委委员、董事，昆明贵研催化剂有限责任公司董事、董事长，贵研工业催化剂（云南）有限公司董事、董事长。,董监高,云南省贵金属新材料控股集团有限公司,16,潘再富,0
潘再富现任贵研铂业董事、总经理，云南省贵金属新材料控股集团有限公司党委委员、董事，昆明贵研催化剂有限责任公司董事、董事长，贵研工业催化剂（云南）有限公司董事、董事长。,董监高,昆明贵研催化剂有限责任公司,41,潘再富,0
潘再富现任贵研铂业董事、总经理，云南省贵金属新材料控股集团有限公司党委委员、董事，昆明贵研催化剂有限责任公司董事、董事长，贵研工业催化剂（云南）有限公司董事、董事长。,董监高,贵研工业催化剂（云南）有限公司,61,潘再富,0
潘再富现任贵研铂业董事、总经理，云南省贵金属新材料控股集团有限公司党委委员、董事，昆明贵研催化剂有限责任公司董事、董事长，贵研工业催化剂（云南）有限公司董事、董事长。,董监高,贵研铂业,5,潘再富,0
纳鹏杰现任贵研铂业独立董事、云南企业发展研究中心主任、云南白药控股有限公司董事、云南省工业投资控股集团有限责任公司外部董事。,董监高,云南省工业投资控股集团有限责任公司,40,纳鹏杰,0
纳鹏杰现任贵研铂业独立董事、云南企业发展研究中心主任、云南白药控股有限公司董事、云南省工业投资控股集团有限责任公司外部董事。,董监高,云南白药控股有限公司,27,纳鹏杰,0
纳鹏杰现任贵研铂业独立董事、云南企业发展研究中心主任、云南白药控股有限公司董事、云南省工业投资控股集团有限责任公司外部董事。,董监高,贵研铂业,5,纳鹏杰,0
纳超洪现任云南云投生态环境科技股份有限公司董事。,董监高,云南云投生态环境科技股份有限公司,5,纳超洪,0
娄爱东现任北京市康达律师事务所合伙人、中华全国律师协会金融证券专业委员会委员、云南城投置业股份有限公司独立董事、哈药集团股份有限公司独立董事。 ,董监高,云南城投置业股份有限公司,39,娄爱东,0
娄爱东现任北京市康达律师事务所合伙人、中华全国律师协会金融证券专业委员会委员、云南城投置业股份有限公司独立董事、哈药集团股份有限公司独立董事。 ,董监高,哈药集团股份有限公司,56,娄爱东,0
刘海兰现任贵研铂业独立董事，云南锦苑花卉产业股份有限公司副总经理、董事会秘书，昆明国际花卉拍卖交易中心有限公司董事、董事会秘书。,董监高,昆明国际花卉拍卖交易中心有限公司,39,刘海兰,0
刘海兰现任贵研铂业独立董事，云南锦苑花卉产业股份有限公司副总经理、董事会秘书，昆明国际花卉拍卖交易中心有限公司董事、董事会秘书。,董监高,贵研铂业,5,刘海兰,0
李家龙先生、陈勇航先生作为云南城投关联董事回避股权转让议案。,董监高,云南城投,13,李家龙,0
李家龙先生、陈勇航先生作为云南城投关联董事回避股权转让议案。,董监高,云南城投,13,陈勇航,6
股东大会由云南城投董事会依法召集，董事长张清授权并经半数以上董事推举，委托董事申毅先生主持会议。,董监高,云南城投,5,申毅,39
刚剑现任贵研铂业副总经理、董事会秘书、投资发展部部长，昆明贵研催化剂有限责任公司董事，永兴贵研资源有限公司董事，贵研工业催化剂有限公司董事，贵研中希（上海）新材料科技有限公司董事。,董监高,永兴贵研资源有限公司,43,刚剑,0
刚剑现任贵研铂业副总经理、董事会秘书、投资发展部部长，昆明贵研催化剂有限责任公司董事，永兴贵研资源有限公司董事，贵研工业催化剂有限公司董事，贵研中希（上海）新材料科技有限公司董事。,董监高,昆明贵研催化剂有限责任公司,27,刚剑,0
刚剑现任贵研铂业副总经理、董事会秘书、投资发展部部长，昆明贵研催化剂有限责任公司董事，永兴贵研资源有限公司董事，贵研工业催化剂有限公司董事，贵研中希（上海）新材料科技有限公司董事。,董监高,贵研中希（上海）新材料科技有限公司,70,刚剑,0
刚剑现任贵研铂业副总经理、董事会秘书、投资发展部部长，昆明贵研催化剂有限责任公司董事，永兴贵研资源有限公司董事，贵研工业催化剂有限公司董事，贵研中希（上海）新材料科技有限公司董事。,董监高,贵研工业催化剂有限公司,56,刚剑,0
陈旭东现任云南财经大学会计学院教授、云南城投置业股份有限公司独立董事、云南西仪工业股份有限公司独立董事、云南驰宏锌锗股份有限公司独立董事、一心堂药业集团股份有限公司独立董事。,董监高,云南西仪工业股份有限公司,35,陈旭东,0
陈旭东现任云南财经大学会计学院教授、云南城投置业股份有限公司独立董事、云南西仪工业股份有限公司独立董事、云南驰宏锌锗股份有限公司独立董事、一心堂药业集团股份有限公司独立董事。,董监高,云南驰宏锌锗股份有限公司,52,陈旭东,0
陈旭东现任云南财经大学会计学院教授、云南城投置业股份有限公司独立董事、云南西仪工业股份有限公司独立董事、云南驰宏锌锗股份有限公司独立董事、一心堂药业集团股份有限公司独立董事。,董监高,云南城投置业股份有限公司,18,陈旭东,0
陈旭东现任云南财经大学会计学院教授、云南城投置业股份有限公司独立董事、云南西仪工业股份有限公司独立董事、云南驰宏锌锗股份有限公司独立董事、一心堂药业集团股份有限公司独立董事。,董监高,一心堂药业集团股份有限公司,69,陈旭东,0
陈力现任贵研铂业监事、党政办公室主任、昆明贵金属研究所副所长，云南铜业科技发展股份有限公司董事，贵研科技有限公司副总经理。,董监高,云南铜业科技发展股份有限公司,31,陈力,0
陈登权现任贵研铂业副总经理，贵研检测科技（云南）有限公司执行董事。,董监高,贵研检测科技（云南）有限公司,14,陈登权,0
2018年9月起，谭仁力任云南云投生态环境科技股份有限公司董事。,董监高,云南云投生态环境科技股份有限公司,13,谭仁力,9
2017年11月起，徐洪尧任云南云投生态环境科技股份有限公司董事。,董监高,云南云投生态环境科技股份有限公司,14,徐洪尧,10
2015年5月起，周洁敏任云南云投生态环境科技股份有限公司独立董事。 ,董监高,云南云投生态环境科技股份有限公司,13,周洁敏,9
2013年4月起，尚志强任云南云投生态环境科技股份有限公司独立董事。,董监高,云南云投生态环境科技股份有限公司,13,尚志强,9
2010年5月起，王光中任云南云投生态环境科技股份有限公司董事。,董监高,云南云投生态环境科技股份有限公司,13,王光中,9
中银国际证券股份有限公司关于云南城投置业股份有限公司收购报告书暨免于发出要约收购申请之财务顾问报告。,董监高,云南城投,14,中银国际证券股份有限公司,0
中信证券指中信证券股份有限公司，为云南城投本次交易的独立财务顾问。,董监高,云南城投,17,中信证券,0
中信证券股份有限公司作为云南城投置业股份有限公司本次重大资产重组的独立财务顾问出具本专项核查意见。,董监高,云南城投置业股份有限公司,12,中信证券股份有限公司,0
云南城投聘请中信证券股份有限公司作为本次交易的独立财务顾问。,董监高,云南城投,0,中信证券股份有限公司,6
重庆贵研汽车净化器有限责任公司系贵研铂业控股子公司昆明贵研催化剂有限责任公司的参股公司，法定代表人为王庆华，注册地为重庆市九龙坡区石新路218号2栋1单元5-4号。,地址,重庆贵研汽车净化器有限责任公司,0,重庆市九龙坡区石新路218号2栋1单元5-4号,58
中希集团有限公司系贵研铂业控股子公司贵研中希（上海）新材料科技有限公司的另一方法人股东，法定代表人为郑元龙，注册地为浙江省乐清经济开发区纬六路181号。,地址,中希集团,0,浙江省乐清经济开发区纬六路181号,58
云锡贸易（上海）有限公司系云南锡业集团（控股）有限责任公司的下属公司，法定代表人为刘路坷，注册地为上海漕河泾开发区松江高科技园莘砖公路258号32幢1501室。,地址,云锡贸易（上海）有限公司,0,上海漕河泾开发区松江高科技园莘砖公路258号32幢1501室,49
云南云投生态环境科技股份有限公司因经营发展需要，于近日迁至新址办公，办公地址：昆明市经济技术开发区经浦路6号 。,地址,云南云投生态环境科技股份有限公司,0,昆明市经济技术开发区经浦路6号 ,39
云南锡业集团（控股）有限责任公司系云南省贵金属新材料控股集团有限公司的控股股东，法定代表人为张涛，注册地址为云南省红河州个旧市金湖东路121号。,地址,云南锡业集团（控股）有限责任公司,0,云南省红河州个旧市金湖东路121号,54
云南省贵金属新材料控股集团有限公司系贵研铂业控股股东，法定代表人为朱绍武，注册地为云南省昆明市高新技术产业开发区科技路988号。,地址,云南省贵金属新材料控股集团有限公司,0,云南省昆明市高新技术产业开发区科技路988号,41
云南城投位于四川旅游名胜区域青城山的“梦享·春山可望”项目，定位为集餐饮、度假、休闲、住宿为一体的田园文化体验商旅小镇。,地址,梦享·春山可望,19,青城山,14
云南城投旗下龙腾湾项目位于海口市西海岸。,地址,龙腾湾,6,海口市西海岸,13
"云南城投目前正在开发建设的西双版纳“楠景新城”项目，规划总建设用地6,642亩，是云南省 “三个一百”重点建设项目。",地址,楠景新城,18,西双版纳,13
云南城投目前计划以现有的昆明市北市区核心大盘“昆明湖”项目为推进试点，以居家康养的生活模式为核心，进行室内外适老化改造，建设全龄化社区。,地址,昆明湖,23,昆明市北市区,12
西安云城置业有限公司为一家从事房地产的开发与销售的公司，有房地产开发四级资质，目前开发的项目为“融城云谷”写字楼，项目位于西安高新区科技三路57号，该项目设计由中联西北工程设计研究院设计，中建三局承建。,地址,融城云谷,48,西安高新区科技三路57号,61
平阳银泰目前运作平阳银泰城项目，该项目位于温州市平阳县鳌江镇。,地址,平阳银泰城,8,温州市平阳县鳌江镇,21
楠景新城项目位于西双版纳橄榄坝傣族园景区旁，项目定位为云南城投文旅康养项目。,地址,楠景新城,0,西双版纳橄榄坝傣族园,8
昆明贵研新材料科技有限公司系云南省贵金属新材料控股集团有限公司的全资子公司，法定代表人为陈家林，注册地址为云南省昆明市高新技术产业开发区科技路988号。,地址,昆明贵研新材料科技有限公司,0,云南省昆明市高新技术产业开发区科技路988号,53
昆明贵金属研究所系云南省贵金属新材料控股集团有限公司的全资子公司，法定代表人为陈家林，注册地址为云南省昆明市人民西路121号。,地址,昆明贵金属研究所,0,云南省昆明市人民西路121号,48
贵研铂业股份有限公司办公地址云南省昆明市高新技术产业开发区科技路988号,地址,贵研铂业股份有限公司,0,云南省昆明市高新技术产业开发区科技路988号,14
春山可望项目为云南城投的文旅地产项目，项目位于青城山景区旁，主要成交客户为外地旅居人群。,地址,春山可望,0,青城山,23
郴州云湘矿冶有限责任公司系云南锡业集团（控股）有限责任公司的下属公司，法定代表人为沙斌，注册地为郴州市苏仙区桥口镇下渡村。,地址,郴州云湘矿冶有限责任公司,0,郴州市苏仙区桥口镇下渡村,48
2020年3月4日，贵研铂业投资设立全资子公司贵研化学材料（云南）有限公司，住所：昆明高新技术产业园马金铺贵金属新材料产业园。,地址,贵研化学材料（云南）有限公司,23,昆明高新技术产业园马金铺贵金属新材料产业园,41
"云南城投置业股份有限公司已实际为大理满江康旅投资有限公司提供担保余额为27,765万元。",担保,云南城投置业股份有限公司,0,大理满江康旅投资有限公司,16
"云南城投置业股份有限公司为云南华侨城实业有限公司提供担保余额为28,143.00万元。",担保,云南城投,0,云南华侨城实业有限公司,13
云南城投2021年拟向下属参股公司云南温泉山谷康养度假运营开发（集团）有限公司提供新增担保额度3亿元。,担保,云南城投,0,云南温泉山谷康养度假运营开发（集团）有限公司,17
为保证版纳融创按时足额支付上述剩余交易价款及利息，版纳融创关联公司云南环球融创会展旅游集团有限公司向云南城投出具《保证担保函》。,担保,云南环球融创会展旅游集团有限公司,33,云南城投,50
宁波银泰与中国银行盘龙支行签订《保证合同》，就借款形成的债务为云南城投提供连带责任保证担保，保证期间为两年。,担保,宁波银泰,0,中国银行,5
宁波泰悦与建行北仑支行签署《最高额抵押合同》，宁波泰悦为宁波泰悦商管向建行北仑支行借款提供最高额抵押担保，,担保,宁波泰悦,0,建行,5
截至一季度末，云南城投已向云南保利实业有限公司提供反担保2275.85万元。,担保,云南保利实业有限公司,13,云南城投,7
截止2020年，省城投集团为云南城投提供担保余额约为277.01亿元，云南城投为省城投集团提供担保余额为18亿元。 ,担保,云南城投,35,省城投集团,40
截止2020年，省城投集团为云南城投提供担保余额约为277.01亿元，云南城投为省城投集团提供担保余额为18亿元。 ,担保,省城投集团,8,云南城投,14
杭州云泰用其理想银泰城二、三期的土地及在建工程，为康旅集团涉及的债务16亿元提供抵押担保。,担保,杭州云泰,0,康旅集团,25
2018年6月21日，中国青旅实业发展有限责任公司向贵研金属出具《担保函》，承诺对本案《产品购销合同》项下的北京黄金之全部债务承担连带担保责任。,担保,中国青旅实业发展有限责任公司,11,北京黄金,54
2018年，贵研铂业为子公司昆明贵研催化剂有限责任公司提供担保金额为5.62亿元。,担保,贵研铂业,6,昆明贵研催化剂有限责任公司,14
"2018年，贵研铂业为子公司贵研资源(易门)有限公司提供担保金额为11,305.28万元。",担保,贵研铂业,6,贵研资源(易门)有限公司,14
"2018年，贵研铂业为子公司贵研金属（上海）有限公司提供担保金额为8,211万元。",担保,贵研铂业,6,贵研金属（上海）有限公司,14
2018年，贵研铂业为子公司贵研工业催化剂（云南）有限公司提供担保金额为：911.50万元。,担保,贵研铂业,6,贵研工业催化剂（云南）有限公司,14
王梓帆先生申请辞去贵研铂业第七届董事会独立董事及董事会下设专门委员会委员职务。,辞职,王梓帆,0,贵研铂业,9
2020年7月24日，云南城投置业股份有限公司董事会收到高级管理人员童一松先生的辞职申请，拟申请辞去云南城投副总经理职务。,辞职,童一松,34,云南城投,11
2020年4月30日，经云南省委、省政府研究决定，免去省城投集团卫飚同志党委书记、董事长职务，任命杨敏同志担任省城投集团党委书记、董事长。,辞职,卫飚,32,省城投集团,27
2020年4月27日，张清先生因工作调整，辞去云投生态董事长、法定代表人及董事会专业委员会有关职务。,辞职,张清,11,云投生态,23
2020年2月23日，云南城投置业股份有限公司董事会收到董事徐玲女士的书面辞职申请，拟辞去董事及董事会下设各专门委员会委员的职务。,辞职,徐玲,30,云南城投,11
2020年12月11日因工作调整，杜胜先生申请辞去云南城投董事、董事会下设各专门委员会委员及总经理的职务。,辞职,杜胜,17,云南城投,25
2020年12月11日，云南城投置业股份有限公司董事会收到副总经理谭正良先生、吴涛先生的辞职申请，拟辞去公司副总经理职务。,辞职,吴涛,39,云南城投置业股份有限公司,12
2020年12月11日，云南城投置业股份有限公司董事会收到副总经理谭正良先生、吴涛先生的辞职申请，拟辞去公司副总经理职务。,辞职,谭正良,33,云南城投置业股份有限公司,12
2020年12月11日，云南城投置业股份有限公司董事会收到董事兼总经理杜胜先生的书面辞职申请，拟辞去董事、董事会下设各专门委员会委员及总经理的职务。,辞职,杜胜,35,云南城投,12
云南城投置业股份有限公司股票于2021年4月28日被实施退市风险警示。,处罚,云南城投,0,退市风险警示,28
云南城投董事会高度重视最近一个会计年度经审计净资产为负值而引发的公司股票被实施退市风险警示事项，如公司2021年度经审计的净资产继续为负值，云南城投股票将被强制退市。,处罚,云南城投,0,退市风险警示,39
平阳县消防救援大队向平阳银泰作出《行政处罚决定书》，认为平阳银泰负责管理的平阳县银泰城未经消防安全检查擅自投入使用、营业，违反了《中华人民共和国消防法》第十五条第二款之规定。,处罚,平阳县消防救援大队,0,平阳银泰,10
宁波市鄞州区住房和城乡建设局向宁波银泰作出《行政处罚决定书》，认为宁波银泰商管管理的位东部新城银泰城中庭堆放可燃物，逾期未整改，不及时消除火灾隐患，违反了《中华人民共和国消防法》第十六条第一款第五项之规定。,处罚,宁波市鄞州区住房和城乡建设局,0,宁波银泰,15
"2020年7月6日，宁波市北仑区市场监督管理局作出《行政处罚决定书》，认为宁波经济技术开发区泰悦置业有限公司北仑银泰城管理分公司不执行政府定价，决定对宁波泰悦北仑银泰城管理分公司处以全部违法所得金额的0.4倍罚款计人民币159,585.61元。",处罚,宁波市北仑区市场监督管理局,10,宁波经济技术开发区泰悦置业有限公司,37
2020年6月4日，深圳证券交易所将对云南云投生态环境科技股份有限公司股票实施“其他风险警示”的特别处理。,处罚,云南云投生态环境科技股份有限公司,19,其他风险警示,40
2018年8月17日，杭州市滨江区卫生和计划生育局向杭州海威喜来登酒店下发《行政处罚决定书》，认为杭州海威喜来登酒店经营的游泳池水质不符合国家卫生标准和要求，违反了《浙江省游泳场所管理办法》第六条第一项的规定。,处罚,杭州市滨江区卫生和计划生育局,11,杭州海威喜来登酒店,26
2018年6月22日，平阳县市场监督管理局向平阳银泰作出《行政处罚决定书》认为平阳银泰存在发布虚假广告的行为。,处罚,平阳县市场监督管理局,11,平阳银泰,22
云南城投的前身为云南光明股份有限公司，发起人分别为开远市国营光华工业公司、中国工商银行开远市支行和云南省小龙潭煤矿。,出资设立,中国工商银行,37,云南光明股份有限公司,8
云南城投的前身为云南光明股份有限公司，发起人分别为开远市国营光华工业公司、中国工商银行开远市支行和云南省小龙潭煤矿。,出资设立,云南省小龙潭煤矿,49,云南光明股份有限公司,8
云南城投的前身为云南光明股份有限公司，发起人分别为开远市国营光华工业公司、中国工商银行开远市支行和云南省小龙潭煤矿。,出资设立,开远市国营光华工业公司,25,云南光明股份有限公司,8
西双版纳云城置业有限公司于2011年6月15日经西双版纳傣族自治州工商行政管理局批准登记注册，是由云南城投置业股份有限公司出资设立的有限责任公司。,出资设立,云南城投置业股份有限公司,49,西双版纳云城置业有限公司,0
西安云城置业有限公司原名西安通海电炉工程有限公司，由西安华兴电炉有限责任公司、自然人朱蓓蓓共同投资设立。,出资设立,朱蓓蓓,42,西安通海电炉工程有限公司,12
西安云城置业有限公司原名西安通海电炉工程有限公司，由西安华兴电炉有限责任公司、自然人朱蓓蓓共同投资设立。,出资设立,西安华兴电炉有限责任公司,26,西安通海电炉工程有限公司,12
台州置业成立于2013年9月16日，成立时的股东为北京银泰。,出资设立,北京银泰,25,台州置业,0
平阳银泰成立于 2013年9月16日，成立时的股东为宁波银泰投资有限公司，平阳银泰已收到初始股东的货币出资人民币 1亿元。,出资设立,宁波银泰投资有限公司,26,平阳银泰,0
宁波银泰成立于 2013年12月13日，成立时的股东为北京银泰。,出资设立,北京银泰,27,宁波银泰,0
宁波泰悦成立于2010年7月23日，成立时的股东为天人房地产公司（宁波经济技术开发区天人房地产开发有限公司。,出资设立,天人房地产公司,25,宁波泰悦,0
"康源公司成立于2018年4月25日，由省城投集团（现名称变更为康旅集团）出资100,000.00万元设立。",出资设立,省城投集团,19,康源公司,0
哈尔滨银旗成立于2012年6月15日，成立时的股东为北京银泰、黑龙江盛丰（即黑龙江盛丰投资有限公司）。,出资设立,黑龙江盛丰,31,哈尔滨银旗,0
哈尔滨银旗成立于2012年6月15日，成立时的股东为北京银泰、黑龙江盛丰（即黑龙江盛丰投资有限公司）。,出资设立,北京银泰,26,哈尔滨银旗,0
贵研铂业股份有限公司由昆明贵金属研究所作为主发起人，并联合云南铜业（集团）有限公司以发起方式设立。,出资设立,云南铜业（集团）有限公司,29,贵研铂业股份有限公司,0
贵研铂业股份有限公司由昆明贵金属研究所作为主发起人，并联合云南铜业（集团）有限公司以发起方式设立。,出资设立,昆明贵金属研究所,11,贵研铂业股份有限公司,0
贵研铂业股份有限公司控股子公司昆明贵研催化剂有限责任公司与潍柴动力空气净化科技有限公司共同设立贵研催化剂（东营）有限公司。,出资设立,潍柴动力空气净化科技有限公司,29,贵研催化剂（东营）有限公司,47
贵研铂业股份有限公司控股子公司昆明贵研催化剂有限责任公司与潍柴动力空气净化科技有限公司共同设立贵研催化剂（东营）有限公司。,出资设立,昆明贵研催化剂有限责任公司,15,贵研催化剂（东营）有限公司,47
"北京银泰成立于2010年9月17日，由北京国俊投资有限公司出资 9,5000万元及中国银泰投资有限公司出资5000万元共同设立。",出资设立,中国银泰投资有限公司,41,北京银泰,0
"北京银泰成立于2010年9月17日，由北京国俊投资有限公司出资 9,5000万元及中国银泰投资有限公司出资5000万元共同设立。",出资设立,北京国俊投资有限公司,19,北京银泰,0
北京房开成立于2014年1月21日，成立时的股东为创意港公司（即北京创意港商务服务有限公司）、房开鼎盛公司（即北京房开鼎盛投资有限公司）、云南城投。,出资设立,云南城投,69,北京房开,0
北京房开成立于2014年1月21日，成立时的股东为创意港公司（即北京创意港商务服务有限公司）、房开鼎盛公司（即北京房开鼎盛投资有限公司）、云南城投。,出资设立,房开鼎盛公司,47,北京房开,0
北京房开成立于2014年1月21日，成立时的股东为创意港公司（即北京创意港商务服务有限公司）、房开鼎盛公司（即北京房开鼎盛投资有限公司）、云南城投。,出资设立,创意港公司,25,北京房开,0
2020年3月4日，贵研铂业投资设立全资子公司贵研化学材料（云南）有限公司，住所：昆明高新技术产业园马金铺贵金属新材料产业园。,出资设立,贵研铂业,10,贵研化学材料（云南）有限公司,23
2019年6月19日，云南城投与北京联动天翼科技股份有限公司、北京广联达创元投资中心签订出资合同，设立联康云养新生活科技有限公司。,出资设立,云南城投,11,联康云养新生活科技有限公司,51
2019年6月19日，云南城投与北京联动天翼科技股份有限公司、北京广联达创元投资中心签订出资合同，设立联康云养新生活科技有限公司。,出资设立,北京联动天翼科技股份有限公司,16,联康云养新生活科技有限公司,51
2019年6月19日，云南城投与北京联动天翼科技股份有限公司、北京广联达创元投资中心签订出资合同，设立联康云养新生活科技有限公司。,出资设立,北京广联达创元投资中心,31,联康云养新生活科技有限公司,51
"2019年1月9日，云投生态与玉溪市科教创新城开发有限公司在玉溪共同出资1,000万元设立玉溪科教创新园林绿化工程有限责任公司。",出资设立,云投生态,10,玉溪科教创新园林绿化工程有限责任公司,45
"2019年1月9日，云投生态与玉溪市科教创新城开发有限公司在玉溪共同出资1,000万元设立玉溪科教创新园林绿化工程有限责任公司。",出资设立,玉溪市科教创新城开发有限公司,15,玉溪科教创新园林绿化工程有限责任公司,45
2019年1月30日，云投生态与云南吉尔特工程建设有限公司共同投资设立云南云投生态湖泊治理有限公司。,出资设立,云投生态,11,云南云投生态湖泊治理有限公司,35
2019年1月30日，云投生态与云南吉尔特工程建设有限公司共同投资设立云南云投生态湖泊治理有限公司。,出资设立,云南吉尔特工程建设有限公司,16,云南云投生态湖泊治理有限公司,35
2019年，云南城投新成立西双版纳文化旅游投资开发有限公司、联康云养新生活科技有限公司，并通过选取有条件的项目整合各方优势资源，积极推进文旅、康养产业落地。 ,出资设立,云南城投,6,西双版纳文化旅游投资开发有限公司,13
2019年，云南城投新成立西双版纳文化旅游投资开发有限公司、联康云养新生活科技有限公司，并通过选取有条件的项目整合各方优势资源，积极推进文旅、康养产业落地。 ,出资设立,云南城投,6,联康云养新生活科技有限公司,30
2016年4月云南锡业集团（控股）有限责任公司出资设立云南省贵金属新材料控股集团有限公司，并拟将其持有的贵研铂业股权无偿划转至贵金属集团。,出资设立,云南锡业集团（控股）有限责任公司,7,云南省贵金属新材料控股集团有限公司,27
淄博银泰成立于2011年10月28日，成立时的名称为名尚城市广场（淄博）商业管理有限公司。,变更名称,名尚城市广场（淄博）商业管理有限公司,26,淄博银泰,0
云南云投生态环境科技股份有限公司股票简称：ST云投，股票代码：002200。,变更名称,云南云投生态环境科技股份有限公司,0,ST云投,21
云南光明股份有限公司1997年4月21日在云南省工商行政管理局重新办理了注册登记，登记名称为云南光明（啤酒）股份有限公司。,变更名称,云南光明股份有限公司,0,云南光明（啤酒）股份有限公司,46
云南城投置业股份有限公司股票简称由“云南城投”变更为“*ST云城”。,变更名称,云南城投,0,*ST云城,27
云南城投的前身为云南光明股份有限公司，发起人分别为开远市国营光华工业公司、中国工商银行开远市支行和云南省小龙潭煤矿。,变更名称,云南光明股份有限公司,8,云南城投,0
银泰控股股份有限公司变更名称为京投银泰股份有限公司。,变更名称,银泰控股股份有限公司,0,京投银泰股份有限公司,15
西安云城置业有限公司原名西安通海电炉工程有限公司，由西安华兴电炉有限责任公司、自然人朱蓓蓓共同投资设立。,变更名称,西安通海电炉工程有限公司,12,西安云城置业有限公司,0
上海金元百利资产管理有限公司（由上海金元惠理资产管理有限公司更名而来）将拥有的杭州云泰15%的股权转让给北京银泰、15%的股权转让给理想四维地产集团有限公司。,变更名称,上海金元惠理资产管理有限公司,16,上海金元百利资产管理有限公司,0
"康源公司成立于2018年4月25日，由省城投集团（现名称变更为康旅集团）出资100,000.00万元设立。",变更名称,省城投集团,19,康旅集团,31
2013年3月20日，黑龙江盛丰与天津国俊（即天津国俊企业管理有限公司（已注销），原名天津国俊投资有限公司）签订《股权转让协议》，将其持有哈尔滨银旗股权全部转让给天津国俊。,变更名称,天津国俊投资有限公司,43,天津国俊,17
2007年10月24日，云南光明股份有限公司名称变更为云南城投置业股份有限公司。,变更名称,云南光明股份有限公司,12,云南城投置业股份有限公司,27
1998年10月18日，经临时股东大会决定，云南光明（啤酒）股份有限公司更名为云南红河光明股份有限公司。,变更名称,云南光明（啤酒）股份有限公司,22,云南红河光明股份有限公司,39
“云南省城市建设投资集团有限公司”名称变更为“云南省康旅控股集团有限公司”的工商变更登记手续已经完成。 ,变更名称,云南省城市建设投资集团有限公司,1,云南省康旅控股集团有限公司,23
